﻿<?xml version="1.0" encoding="utf-8" ?>
<toast launch="app-defined-string" scenario="alarm">
  <visual>
    <binding template="ToastGeneric">
      <text>Sample</text>
      <text>This is a simple toast notification example</text>
      <image placement="AppLogoOverride" src="Assets/fruit.png" />
    </binding>
  </visual>
  <actions>
    <action content="确认" arguments="check" imageUri="check.png" />
    <action content="取消" arguments="cancel" />
  </actions>
  <audio src="ms-winsoundevent:Notification.Reminder"/>
</toast>